name,num
FlyWhale,1040
JazzOffer,367
PMC,1
JAZZ,21294
Jazz World,1946
DigiSkills,164
JazzWorld,397
#SIMLAGAO,1090
NEXT-HEALTH,8
NUTRIFACTOR,57
Whatsapp,901
InfoSMS,1328
SEHAT,10
Warid,919
ANF,489
Daraz,3397
Microsoft,182
INFOSMS,2339
TapalMezban,11
MCB,2083
Tez,796
PPHI SINDH,3
Dogar Books,21
Estate HUB,2
Digi Alert,3
Verify,517
Telegram,100
PAF-ISC-SKR,1
DEVELOPIFY,9
Plot N Plan,5
TCF,18
ALKARAM,253
UFONE,11740
ETHNIC,50
Ufone,21405
ZEEN,40
Outfitters,360
ONIEO,196
Daewoo,356
UNZE LONDON,308
UPaisaKaro,279
Brands Ego,311
SocialOffer,217
Dominos,1274
GoP,1399
MI STORE,5
MEDCINA PWD,11
Telenor,63898
BudgetOffer,560
TSF,11
JazzCash,19372
Koyal,250
Jazz,41256
YoutubeKaro,224
Phone Code,381
Easypaisa,7875
LiveCricket,139
Car-Tracker,55
EZ Gaming,987
IMO Offer,88
Google,1447
TELENOR,1729
Sozo Park,314
HBL AMC,1
NDMA,744
ZONG,60143
B-SMS,2502
FAISALMOVER,131
bjldsj,382
FMFB,2611
KCS,44
Snack Video,25
Bal Share,853
ECP,108
iSave,33
CitiHousing,2
MIZAJ,26
Likee,4
LIKEE,24
GOP,419
Digi Khata,1092
SIUT,3
Sky M,1
DC Multan,5
CORONAALERT,15
WGVS,1
Barwaqt,1234
smsapp,1
Hassan Jutt,1
BOP,608
Junaid Lodhi	,1
PTA,2574
THE IUB,5
CashMaal,437
EPTHURSDAY,23
TELEMART,14
FB-WA Offer,141
Realcashadd,1
PBS,30
S.B Link,2
AICASH,14
ZONG_GIFT,343
kwai,267
ʼUNKNOWN_SENDER!ʼ	,74
FHDC,13
FREE DATA,1361
SPBS,6968
Binance,1826
TRIVZIA,502
OLIVECASH,3086
SIM LAGAO,11810
Honda,77
AUTHMSG,366
Zong,4088
BreadBeyond,39
Apple,80
Load Gift,682
OFFER LAGAO,67
NEC,305
GiftForYou,1586
foodpanda,2026
ZONG OFFERS,25019
MyOfferGIFT,504
UDHAAR,408
SALE ALERT!,559
Savyour,287
MakeUrOffer,505
Parimatch,63
OfferExpiry,151
Ideas,599
TelenorEidi,263
Connect,550
Zong Gift,1225
ChughtaiLab,31
CHUGHTAILAB,244
MyZong,880
GulAhmed,143
COIN,42
xiaomi,26
TikTok,560
Qsms,267
SETTINGS,103
FREE MBs!,419
Load Bonus!,179
Apni Offer,411
SHEEP LOAN,55
CASHSMS,32
MTJ,86
GrocerApp,481
Scan & Win,1376
Entmt Offer,41
CloudOTP,51
LOAD Bonus,349
NCOC,487
LWMC,5
CarFirst,247
Jazztunes,5720
inDriver,59
SMS Alert,130
ZAMEEN,557
Ecommerce,40
Careem,801
Snapchat,140
Uber,431
FACEBOOK,1152
VisionOn,4
MEGA Easy,193
FLASH SALE!,1056
scan & win,162
Load Reward,1994
FurnitreXpo,145
DOUBLEVALUE,671
Discount!,1060
Bykea,641
LAST DAY!,121
MW Load,236
QR Offer,392
Free Parhai,83
BigDiscount,169
Easypasia,27
DISCOUNT!,487
Free GBs!,184
Sapphire,113
MEGA BACHAT,1095
Din Bhar,189
infobip,281
EID VALUE,21
QR Payments,14
Sunbeams,68
NAB,441
TelenorGift,127
RamadanSale,66
Mega Offer,995
TRACKINGPK,9
Tamaasha,268
Netflix,123
IMTIAZ,1158
Khaas Offer,323
MEGA SUNDAY,311
Jazzcash,193
JEETO MBs,135
DINBHARCALL,128
Invite&Earn,87
KhaasOffer,246
Bacht Offer,94
NADRA,474
Cric Mania,6
MatchDekho,23
Swvl,536
EXTRA MBs!,80
LATADAD Min,91
Invite&Win!,14
MONHSRC,120
Foran LAGAO,323
MAK,79
Alkaram,1073
SubahSeSham,30
SoundCloud,27
ApniOffer,81
ClashRoyale,11
SastiOffer!,94
GAMELOFT,88
Khas Stores,48
Win GIFT,14
NewYearSALE,26
FREE Calls,54
MORE DATA,31
BYKEA,229
Pizza Max,536
FREEcalling,257
MyTelenor,186
CoronaAlert,450
EasyCards,129
PUZZLES,19
GoMega!,65
Free Fire,74
Saudi Offer,38
Zyada Data,14
VALUE OFFER,226
KHAAS Offer,153
Eid Bonus,378
Free Snap,359
TestWebhook,262
DASTGYR,390
Audionic,45
FBR,248
FP Heroes,853
J.,688
TRAX,347
ChildLife,9
OLX,415
Zong GIft,36
MUFT CALLS,528
SZABIST KHI,5
CHEETAY,1938
ibex,196
SUPERSPACE,2
Habitt,83
LegalAidSoc,48
SHIELD,9
AladinPark,8
TABBA HEART,16
Fumigation,15
IGLOO,8
Airlift,2183
MoNHSRC,161
JAZZ Cares,2343
 ,318
Aladin Park,10
WhatsApp,762
Facebook,431
PBM,1
DastgyrTech,2
JAZZ GIFT,94
SKLive,8
Khas Sale!,5
PayPal,10
nxtele,95
Muft Data,286
BAHL,6
MBs for U!,135
Load Now,369
Load Bonus,425
PakNavy MTN,11
Mega BACHAT,36
Meezan HR,3
Tapmad TV,21
BONUS Hour,204
DISCOUNT,131
NAVTTC,31
Load MTA,124
Budget Offe,1145
FULLDAYCALL,1260
Load Bachat,61
Secure,380
LEOPARDS,937
MyOffer,149
ANTI CRIME,21
FREE MBs,93
YouTube Kro,13
ROZANACALLS,97
ZAHA,4
MUFT CALLs,227
telenor,72
CECOS,1
KHAADI,87
infoSMS,73
Youtube End,21
NGS,18
Zameen,159
Befiler,24
BIGO,106
Amazon,188
Indus Hosp,107
TBAUTH,3
SKMCH&RC,239
AKUH,133
elo,508
KFC,554
DINERS,730
ECG FAIRS,3
LahoreCentr,50
Business,213
BROADWAY,662
CallCourier,580
Entertainer,106
Baby Planet,525
BILAL TRVLS,44
Dawaai,181
MEDIX LAB,4
Emaar HS,10
Forrun,21
AKgalleria,52
Verify ID,3
blueEX,48
NETELLER,50
StanChart,47
FRESHSTORE,1
NEXT,30
THEBODYSHOP,33
AIRLIFT,15
STILE,24
TYPHOID,68
INFOSHARE,2
verify,6
PC Lahore,13
Zong-OR,191
Changhong,4
SANASAFINAZ,282
STARZ Play,58
Royal fans,11
Jazz Gold,761
FAL,7
Almirah,117
Leopards,145
SOZO,10
UBER,265
Notify,59
AK GALLERIA,3
TWITTER,46
ZongOR,65
PAF,132
Ethnic,215
LUSH CRUSH,2
BalanceShar,42
SAHARA,1
Alfa,4
DC Lahore,2
Carrefour,1197
CV SARKAR,2
SehatKahani,25
GENERATION,8
SWVL,27
TRAVEL,4
Luxus Grand,10
Khaadi,174
Badoo,3
EVERCARE,11
OPTP,405
INTERNET,15
CAREEM,22
Instagram,37
CONDIS,15
PFC,14
WARDA,420
Royal Tag,352
JAZZ GOLD,1941
FP-Homechef,35
NoonPremium,2
Noon,1
SINGLMUSLIM,17
KHARIDARI,1
SnackVideo,72
UNIQUE,63
Clopen,53
Zellbury,108
AIRBNB,3
Bingo Blitz,1
DAWATISLAMI,72
SMART SHOES,3
LIKE,52
WHATSAPP,6
BergerPaint,46
IMO,86
UPRISIA,9
Snack,47
FBS,33
OctoberNow,33
AZADI OFFER,5
WomenSecret,36
CAMBRIDGE,99
 J.,81
UPaisaOffer,396
AL MERAAJ,40
FP Partners,181
Legal Aid,86
Memon Town,4
Pyypl,73
Belco,10
MONTAGE,2
AO GHR BNAY,10
BankIslami,359
UPaisa,762
Best Deal,13
SASTA GHAR,7
BEST DEAL,35
SUPER CARD,504
PTCL,501
APNA GHAR,2
TPL LIFE,15
PAPIS PIZZA,10
PielnTheSky,15
CALIFORNIA,52
Kuchi,16
EhadPharmcy,1
LALIWALA,9
DARULSUKUN,2
HomeChef,1
ALKHIDMAT,45
PIZZA POINT,39
GoDental,21
SKILLTECH,4
CHASE VALUE,18
Suaad Foods,1
AL KHIDMAT,10
citilab,43
CHASE PLUS,3
AAIMS,1
PIZZERIA,127
RamzanOffer,36
HighwayCity,8
UNION Prop,7
TRAVOCOM,2
Tabba Heart,2
Websoft Int,1
SENSATION,2
THEME PARK,2
Cluckys,5
ROYAL TASTE,13
California,53
HiClean,3
KamyabJawan,46
SAPPHIRE,119
Beaconhouse,13
AIMS,3
LNH,4
BURRIZO,4
HOB,18
Pizza Munch,29
FindMyDoctr,1
INSPIRATION,2
AKK-VIR-LAB,3
California.,4
News Alert,8
BEST DEAL.,4
Taiz Speed,681
ROYAL GREEN,2
BAMBOU,2
DARULSEHAT,2
Utube_Offer,21
UpaisaOffer,111
MAK@Alkaram,21
GameboxKids,139
Uniworth,343
Realme,3
NYC Bahria,2
SCOM,26
SPAISA,4
ZMS MKT,1
TANDOORI,6
NBP FUNDS,30
NAYATEL,175
CreditBook,468
Mr AC Buyer,5
HOME TUTOR,3
NACTA,66
IHHN,10
AC Sale,2
Unilever,52
PCC-BigSale,8
PCHotelRWP,1
LahamLounge,1
MoFEPT,30
TahirEstate,1
UNICEF,9
Clive Shoes,29
MEPCO,330
Munzill,4
PAC Kamra,2
MEGA offer,133
Discount,284
AL-MAQSOOD,2
LAPTAB,34
Mega Sale,203
LU BISCUITS,110
Corona aler,2
Jazz TV,577
TelenrCares,2
TelenorLoad,7
Best Offer,3
Repay Loan,36
Loan Alert,4
Call Offer,42
RTS,4
iQOO,2
GOOGLE,31
Call Expiry,34
Snack offer,18
PNR SC DIK,2
MegaBachat,766
VALUEOFFER,334
ZUBAIDAS,138
e-Payment,12
Cadet Colge,24
TelenorSALE,37
Easy Khata,152
BONANZA,26
CadetColege,2
ZeroCall,251
JAZZ OFFER,192
JAZZ PSL,20
Jazz Donate,11
A&F Finance,4
JazzXNFV,73
Mobilink,513
Autoreply,180
JAZZ CARE,313
AutoReply,29
JazzCare,20
VERIFY,64
QSMS,1
UPC,8
PayBy,26
du roaming,121
du.,236
AD-HP-mall,1
AD-Tarahum,4
 du ,29
AlJalilaUAE,3
STAY HOME,8
Zyada Value,23
AD-du,4
Emirates,3
Agiomix,1
UAE PASS,3
ICA,7
AD-VLCC,1
PIZZA MANIA,3
ITTEHAD,407
ChenOne,545
Sha Posh,3
Breakout,71
COUGAR,305
NL,49
BORJAN,365
RIGHT Detox,15
NAYZA,18
SOLOTO,41
STYLO,53
RD,33
CrnchyPizza,9
Candy AC,13
Nutright,38
AdamjeeLife,36
Saeed Ghani,23
NDURE,74
OCHRE,11
LOGO-SHOES,18
Chisty Law,15
TAILOR TAG,8
CHARCOAL,27
UnitedMotor,1
MOHAGNI,4
FUUAST,2
SOHAYE,66
Sveston,12
Right Detox,33
MOCCINOO,8
Slim Fast,8
TANA BANA,8
ActiGlow,12
ENGINE,580
DPS-Sahiwal,1
WAVES,2
deedspk,67
ShaPosh,3
BBA,36
ExportBrand,10
ACE,5
Urbansole,3
YARNBERRIES,2
Haier AC,17
BrandsEgo,102
dawatislami,10
FBWA Offer,12
SHAADI,7
CanadaVisa,1
PAYSAFE,101
SAAF_AWAZ,134
SENDINOR,1
JDC,19
U Bank,43
EXCLUSIVE.,1
IHIG,3
DVAGO,115
CADET COLEG,13
EmaarHS,1
Deal Walay,21
ARM Apparel,2
faremakers,398
TKC,13
DUHS RAD,16
PIA,10
UNITED KING,25
ONEDERLAND,2
#BEFIKRI,155
Akgalleria,25
UAdvance,55
GSS,1
PatelHosptl,9
SastaGhar,4
Alert Pak,16
CricketFeve,11
Falaknaz,10
FreeCalling,9
NewYearGIFT,39
Scan N Win,37
DARAZ,183
McDonald,19
UNION¿Prop,2
BurgrOclock,1
AtriumMall,1
DUHS HOSP,36
Metro,42
CALLCOURIER,8
Sasta Ghar,3
ZaitoonCity,36
#JazzEidi,20
ABDULWADOOD,17
SHCLWH,56
VENUS AEST.,15
DASTAK,3
LIMELIGHT,192
MCB-AH,189
AZADI SALE,145
Azadi Load!,100
Football,89
Azadi Deal!,65
koyal,39
LOAD BONUS!,60
Busuu,12
Gamebox,185
E-tutor,8
AIOU,120
Payoneer,120
BankALHabib,60
Bata Club,81
Piri Piri,1
ORIFLAME,79
Apna Ghar,7
ANTSMS,24
InstaCare,11
FPSC,12
PSHD,23
WAYLINK,2
BURAAK,62
KandNs,13
Nayatel,157
olymptrade,33
TOM & JERRY,21
RACE GAMES,23
POSTBILLPAY,21
Smartchoice,17
Buraak,41
Transs,36
Emlaak,5
BONUS!,22
JustForYou!,52
SOCIAL PACK,12
Blockchain,48
FastAccount,39
BACHAT DEAL,25
Foodpanda,162
OLADOC,79
GoLateNight,51
TelenorGIFT,21
FIA,20
MusicBundle,14
Quiz,6
MYOB,16
pLAYNwIN,16
FREE OFFER,11
MissYou MBs,24
SaveBalance,14
WinFriday!,13
UtubeOffer!,22
Music Offer,19
CABCALL,1
PMDU,61
Movies,8
KFC Deal,18
Win BIG!,7
TelenorLove,14
FreeMB-Love,10
CornettoMBs,22
Play & Win,31
DANKASH,2
HappyGaming,4
Play&Win GB,16
MyTelenorAp,2
TelenorTofa,5
NXSMS,12
MENU,168
ULTRA CLUB,31
CBH,2
Kites Kids,3
AL BARIK,7
KASHF,19
eo.,5
Freefire,42
HelloYo,2
GPL,77
PUBGMobile,70
ZONG GIFT,21
AzaadiSale,26
NOTICE,8
SalamPlanet,33
BSMS,66
Bareeze,196
JazzKissan,4
SIGNAL,18
NBPFunds,45
SALEPLAZA,1
Load Offer,9
NAEEM SCHOL,9
MD.NTDC,15
NTDC,13
NBP Funds,40
APNA Sheha,50
AIRKART,10
Super Card,10
MRC,24
AL GHANI,37
DAILY FREE,526
FREE MINS,509
Heels,109
SATRANGI,310
Q Connect,6
Bagallery,80
AW MARKETNG,16
Walee,16
Twitter,25
Elaf,2
SAMSUNG,19
Dr Essa Lab,52
BTW,14
HS-Pakistan,39
SSWMB,16
Truecaller,9
KIA SOUTH,7
Helpp,2
AlNasser,84
TheHISAB CA,3
S. C. Labs,2
UMT-SCA,1
LINK EXCH,10
Blank Slate,9
NIU,4
UOLSAF,1
ICMAP-LHR,5
HUNERKADA,1
GharPar,1
PakWheels,36
Lumensoft,62
InfinixGift,28
INFINIX GIF,12
MUFT DATA,93
SUPERIOR,3
InDriver,30
Marham,81
Qamar Tea,28
AL JALIL,7
ABN EDU.,3
Elan,3
PITC-GEPCO,15
Hafiz Oil,5
taobao,1
Brain Games,18
Win GBs!,10
BEOE,24
Gourmet,2
TelenorAPP,4
Roz FreeMBs,3
Garena,94
Play&Win MB,2
Postpaid,8
Ubank,13
Plots-Aprts,1
Routee,32
GoPb,9
Karobar,1
Loan,2
UTS,3
Magical,56
MetroOnline,65
Gamesclub,900
TelenorBolt,26
Big Value,94
Mega Data,38
MTAOffer,74
Pay Bill,119
More Calls!,37
Hybrid Addo,29
ScratchCard,93
Cricwick,65
More Data,61
HEALTH-GoP,20
Eid Deal,8
Telenor Eid,3
Best Deal!,8
STARZ PLAY,7
Booster,40
PostpayBill,78
SuperOffer,33
PAKDAY PROM,10
FaysalBank,607
BundlStreak,8
HybridOffer,72
HybridAdd-o,3
CricWick!,9
TelenorLoan,35
Add On,9
WM Pvt Ltd,20
WorkFrmHome,15
MORE VALUE!,3
DataBooster,15
YouTube,17
AL ARAB,4
CallofDuty,73
WorkFromHom,30
FreeFire,67
BundleStrea,8
EXTRA DATA,45
SpecialOffe,4
EidOffer,6
ExtraMBs,25
TelenorBill,22
HISDU,48
Starlet,80
Cheetay,54
CAA,44
SkyMarketng,40
ABN Edu,2
Alfatah ISB,27
AASProperty,40
INTERWOOD,77
PITC-LESCO,11
JazzTunes,281
GMT,12
U RECHARGE,38
UTahafuz,32
FlashFiber,15
BYTE,57
City School,5
FitnessClub,111
Bahria Town,11
Rabiz Home,1
Paxful,7
REAL ESTATE,3
ClashofKing,4
Home Tutors,1
Samsung,9
PUBG Mobile,28
Lara Croft,12
KTRADE,5
MineCraft,12
Bookme.pk,22
NewYearSale,17
Burger King,6
FXCM,2
IQOption,14
MICO,19
Zenly,3
BOOKKARU,49
UIT,3
CollectCall,175
SUBWAY,72
DISCORD,20
Stormfiber,7
WAADA,1
NASEER-AC,1
EXPERTS COM,3
RMS-KHI,1
Uncle Fixer,16
MOTHERCARE,12
IDMPakistan,8
Little Dans,1
OUTFITTERS,16
ALDO,17
Graana,61
Pizzeria,5
Hashmanis,13
U ADVANCE,45
Pizza Crust,13
Flash Fiber,39
Azaadi Sale,29
WEB-SALE,140
JAZZ EIDI,28
Yaari Load,21
UNDP,56
Jazz Cash,13
HOPSCOTCH,112
ROAD MASTER,106
SKMT,2
EDN,12
ALLIED MC,1
FreeMins&MB,9
Glow&Lovely,46
PickenDrop,4
TPL Trakker,116
H.R ELECT,1
Dollar East,2
FreeCall,3
WEBSOULS,32
TWH,11
UBL Funds,18
SMSAUTH,174
SMS,57
VIVO GIFT,64
VKcom,25
Djuice,3
Jazz Biz,98
FBR GoP,113
TAX SPOT,10
Skype,10
BOOYAH!,12
callLAGATAR,41
Jazz Bizz,1
WinEveryday,3
happy donut,6
FESCO,184
edenrobe,392
Mindbridge,1
ASPIRE,4
FORKnKNIVES,38
Cricket,1277
ODDUL,25
SimPaisa,135
The IUB,4
ZAI ELEC,2
YallaLudo,44
Syngenta,13
LondonBridg,27
Milano,6
CHUNKnCHEES,4
Jazz Gift,73
PTS,24
TeleClips,78
Melbet,26
MCBAH,70
BITE CAFE,2
Motifz,8
INFO,41
PUBG UC,77
ECL Courier,4
Eid Offer,2
CricketJosh,1
SPSC,3
Play N Win,10
Binjee,3
NBP,11
Dhanak,10
TINDER,5
Yandex,38
ImtiazStore,21
LIGHTHOUSE,6
Feeta,2
VIVID,1
OPPO,62
UCS,61
Huawei,119
TAOBAO,10
Hopscotch,90
KOHISTAN,4
UFONECNS,550
Ufone Help,182
OEC-GoP,10
AskariBank,258
iATSMS,28
PFA,71
LIVOTP,5
FXTM,8
PYYPL,12
BOT,35
MTB RYK,28
Bilal Cargo,20
Falcon-i,45
Udhaar,152
BONFIRE RYK,3
SUZUKI RYK,5
Saylani,1
SRYK SALE,2
MTB SDK,1
Delta Power,1
RAFIA,5
NEST SCHOOL,2
HEC,14
ZONG FREE,63
ZONG DATA,33
PSO,6
KAIMS,23
VuClip,48
Supper Deal,2
HUAWEI,63
DotJo,155
NRSP,10
NoonAcademy,10
FUN Games,53
Exams,9
PUBG TOP UP,54
Rishta SMS,8
NTS,28
Off Campus,7
HEALTHWIRE,31
HB SuperMkt,2
TAOVIP,36
Jazmin,8
OILSHOP,1
RCG,9
SARIYAS,2
PARADISECNT,27
ALIPAY,7
GameThrone,6
Funlearning,127
PlaynChill,4
TheCraveBar,3
Chase Value,110
Sunsilk,2
DailyVerses,2
La Farine,2
AFZAL ELECT,1241
Cosmo Salon,1
Yahoo,16
MZAALO,1
PREZZO,42
WorldCall,32
HAGO,3
Paysera,10
WallRealEst,101
Qarshi,19
TOYOTAJINAH,13
WeChat,15
PSCA,54
ToTok,3
Tantan,3
BIPSMS,12
LINE,19
DANDY,117
IDC,87
Zenith Meat,272
AdvCash,8
ToyotaGardn,45
HOL,1
Payeer.com,6
OKru,7
INTSIG,4
KHAS GROUP,148
Silkbank,9
OLYFAUNT,1
RisersGroup,2
Mr Mahir,2
UMT,117
ALI SAQLAIN,11
Circles,10
Harmain Est,1
LahoreBrost,1
EURO STORE,13
LEXCEPTION,2
McDonalds,177
MrMahir,51
OPF HO ISB,2
Zoom,11
HumMart,40
Paxum,1
Cambridge,27
ROOMSTER,2
TASDEEQ,8
eWallet,6
PINSMS,5
Blendr,2
TOTOK,4
UOL,11
DNTONE,8
Thelinen.co,2
NHA,6
content-complaint@pta.gov.pk	,9
ClickSend,7
Kaizala,1
SocioON,2
TUBBR,1
Healthpass,6
JibeRCS,5
GASWARDROBE,1
Lexception,1
EQUATOR,152
ONE,474
Mega,2
SayHi,1
TGM,8
Brand River,109
SMSInfo,76
ARY WALLET,122
E-Care,46
MyLine,4
Tango,4
Linphone,1
PureLife,3
FIT,3
PARKLAND,2
Avenue Mall,2
Utahafuz,5
SAUTH,5
BURGER KING,82
CharJi,4
ECare,18
GRAB,2
GASFASHION,1
Ufone Bonus,1
MallofLhr,6
Interwood,1
NAB LAHORE,47
SHEIKH JEE,1
BachaaParty,17
Sastaticket,13
AFZAL GROUP,2
Bytedance,7
MNHSR&C,11
Ufone_Offer,32
Dolp Show,3
SMART IVR,9
ringv,8
Ufone_Bonus,7
Pizza Hut,198
UniCinema,3
MY ZONG APP,111
World Cup,1
SmartTV,5
SehgalMotor,42
Greenvalley,79
HR Pakistan,1
FREE NET,66
MONARK,73
Cricket App,30
PETROMIN,22
ufone.,12
Galitos,28
STARLET,22
Etimad,10
TotalPARCO,4
FranchisePK,7
LifeCareInt,1
MoltyFoam,7
ShalamarHsp,11
PURA LOAD,2
ZONG LOAD,3
GAS FASHION,5
Sozo,1
TAPMAD,39
ZONG IR,40
QTR Airways,2
Al Nasser,5
PAK GROUP,15
Red Lotus,1
ALFA,1
iSAVE,11
FUROR,100
AL-RAHEEM,9
SECP,4
LaAtrium,1
TCS,69
Zong MBB,7
F.E,4
Satrangi,9
Furor,1
VENUS AEST,1
FLPKRT,2
ZongDost,3
HONDA TSHIP,2
HomeShowINT,1
Zong Latest,1
Ideas by GA,43
JUBILEE,1
GlamourHub,100
Home Show,9
ZONG Ad,4
DARAZ PK,33
DARAZ.PK,93
Free Net,12
FREE NEWS,4
REHAAB,2
PAK ESTATES,2
FBR GOP,4
KSA-IR ZONG,1
Riphah,10
PPSC,69
TutorBees,2
MOI.GOV.SA,111
MOI-Jawazat,10
Shangrila,1
DHA MULTAN,7
MMMSL,14
alinmabank,45
KIPS SCHOOL,3
TIMMYs,1
SHOE BOX,2
Shoplus,1
IQ Option,1
SAUDIA,10
Shazam,1
GlobalSMS,1
Najm,7
Cdefense,3
MEMO,1
TUTORSHUB,4
NAHEEDPK,41
ChaudhryCrp,38
AWAL,1
AdvanceCare,3
MIAN GROUP,193
STARMRKTING,2
DigiDokaan,32
SheikhFound,6
ALERTS,31
CRETESOL,2
Fun City,4
Oaks ByStar,26
Jinnah Prop,1
TuesdayDeal,5
BUS TICKET,7
ZYADA VALUE,157
SaveBig,2
BUSTICKET,7
FoodDeals!,12
Friday DEAL,6
GiftForYou!,11
Yaume Azadi,4
Movie Time!,7
Azadi Deal,6
Eid FREEMBs,5
GetU,14
EXTRA Value,2
HappyHour,4
JustForYou,20
GenralElect,6
Shifa Int.,26
Muft VIVO,48
Free VIVO,36
SAGE,63
ZongFreeGB,31
AlBahriaCSS,14
SSF,7
StarsAcadmy,58
Wise,9
BARWAQT,19
MVDSMS,2
AZEETRADE,125
Wah,119
KnwldgeDepo,18
Webx,7
HAYLOU,1
HotPocket,40
FixMyPhone,2
MGAANA,2
Medinostic,4
ilaan,5
Gameloft,58
AdnanCentre,48
CallerName,181
PLRA,15
TIP TOP,62
Uprisia,11
Qaiser Cool,20
DarUs Shifa,1
USehat,24
CARLCARE,13
Youth,127
SweetHome,5
BeHappyPets,9
Nickie Nina,4
Saka Honda,4
Mini Khata,136
Bari Eid,2
NFoods,1
Supertasker,11
GameNowDGA,37
Upaisa,6
CBCARE,1
ELEGANT,5
BinMoosa,8
Vim&Domex,20
Dari Mooch,17
ANKER,12
SOHNISAIBAN,1
ABNOVERSEAS,7
Mera Ghar,9
SHAADEE PK,5
ANARKALI FB,2
Unknown sender	,8
Fiber Pay,11
Midasbuy,43
PUBG RP,25
SUNDAS,14
AC Purchase,30
Enclave_ISB,5
SmartSMS,93
Home Care,2
MHPSS-KP,7
Flash Sale,40
ANTH,5
MedAsk,1
COOL WAY,2
SocialPack,6
Abhi Jeeto,19
AmazonPrime,27
Play n Win,29
Super Spin,5
SageLeather,8
UBox Gaming,17
ECAJK,3
OXBRIDGE,3
Qaiser ELC,1
MOVEX,15
GoSpark,1
WARAICH-EXP,2
CrossStitch,449
IRMNCH,2
Atlas Honda,77
Sehat Kahan,17
STS,29
QisstPay,11
BodlaBuildr,7
IPOPAKISTAN,4
MSHC PvtLtd,2
JazzMCA,17
TelloTalk,12
FinPocket,13
HOME TUTORS,19
Jazz BIZ,6
SMQ,9
WowApp,7
Indigo Mktg,3
PNRA,10
Fintiba,6
TRADEHUB,8
IDEAS,154
Sindh AGRI,1
KAINAT TRVL,126
Codapay,54
PUBGLite,19
PUBG OFFER,25
Win iPhone,27
EMAAN ZARA,14
PakistanDay,6
MEGA BONUS!,69
PSL Update,12
PSL Tapmad,5
PSL Telenor,8
CLICKOTP,11
Salonplus,7
CabCall,1
FLASH SALES,15
OfferBONUS,16
ROPLANTPK,22
FLASH SALE,16
AceGalleria,9
TelenorEid,8
N,25
Pizza WING,1
SHAH AUTOS,20
REDBOX,4
ADVANS,43
GFS,104
FOODS INN,8
Kaybees,24
Aptech MSG,2
Ginsoy,2
MARKETEERS,3
INU PESH,17
Cloopen,2
KPTEVTA,1
KPITB,1
QuickMoney,3
Walls Dist,2
TPL Ins.,56
HOD DESIGN,1
Mug Art,19
VMS-MCA,193
COLORS,5
Agri Dep.,9
Pepsi-SCL,1
DAP Subsidy,378
Abhi LAGAO,6
PUBG,42
CIRCLEPONG,3
PUBGM,15
Aapki Offer,20
Live Games,14
Gaming,11
ASPHALT,17
Games,9
GameZtwo,16
MahanaASANI,11
Khaas offer,12
DailyGamer,22
Free Call,13
PUBG TOPUP,5
Talking Tom,5
Share&Care,1
LatadadCall,4
PSDF,18
Waseem Elec,33
Scan & Win ,6
MALIK TTC,35
 TelenorEid,4
Azadi Offer,26
Max Offer,59
CIABATTINO,7
(Unknown),6
Stylo,107
Super Asia,2
FreeWhtsApp,15
Test,1
Unknown address	,10
Baychou,10
MeGo,1
ARY BAZZAR,7
Telenor ID,17
BALSHARE,240
IttefaqHosp,17
FAZAL SONS,41
WeLoveLotto,1
NU Admsn,5
PUBGPrime,27
AEOPakistan,9
Stile,12
ISBMARRIOTT,8
Ludo,22
ISMAILS,138
GFF,28
Ufone IR,12
RANG ALI,27
UFONE IR,2
Jazz Load,5
Mobily-AD,112
JAZZ CARES,7
AlRajhiBank,30
MOH,49
Mobily,96
MOI,13
ZainKSA,1516
P.Security,11
ZainDeal-AD,116
ZAINKSA,1
Zain-AD,38
MOE,12
zainKSA,1
AlahliSMS,1
MOHU,1
ZAIN,25
SHC,1
Zain,57
PSS,11
MOI-MOROOR,7
GaStat,1
Apple-AD,1
AL FIRDOUS,17
Azan Mrting,2
INSAFABRICS,15
SAMA.NAJM,3
GOLDEN,17
JAZZ MUFT,1
My Tutor,4
EXCELLENCE,1
FDPP,2
WindsorLino,12
SIPS,8
DelishPizza,24
ServaidPlus,169
GRAVITY,3
EdgeStore,2
ANZAY,12
QurbaniClub,9
REALITY,28
AC Buyer,9
SHADI HUB,9
BEACON,4
INVEST NOW,4
UsedAcSale,1
PANTERA,2
Sentimeter,7
MAK-Alkaram,20
KAREGAR,5
BrandsXpres,3
PSZ MKTG,1
Ufone OTP,11
BUNDU KHAN,21
GhaziGuards,223
TPG,1
LUXUS HUNZA,2
SKY,1
EPIN,1
CLEANnGREEN,2
BrandPopper,1
Grand SALE,4
MaxMart,2
ADCL,1
URCOURS,5
DuaMarkting,2
LEBAMI,1
HOME STUDIO,2
Brand Poper,1
NIUXIN,7
BAZAAR,13
ALNOOR ORCH,8
Green Acre,2
AtherCar AC,4
TheEngineer,42
JAPAN ELECT,1
MCC COMRCAL,1
ALERTIFY,5
PEF-P,4
IttefaqSay,1
HARDEES,5
Raaz Coffee,7
HKB,25
MULTI ELEC.,3
WAYBACK BRG,3
SARPINOS,3
IMAX,21
CineStarATC,6
CINESTAR,7
LSCS CSS,1
TRISTAR EDU,5
HushPuppies,25
KING ESTATE,1
GABITT,57
STONE OVE,5
alfatahpk,25
LeisureClub,88
SN DATES,6
TOSS,1
Clean&Green,1
Piza master,1
BAAGH,13
The Oasis,3
La DOWNTOWN,3
Moazzam.Est,1
State Life,9
RIOS SHOP,7
OPTIONSACD,2
Bagh,10
CHICKYCHEES,4
DOC on CALL,1
Wall Estate,4
MULTIPLIERZ,7
Booking,8
ONE CALL,9
SaltnPepper,1
FOCUS,13
NafayHijama,6
LOGO,24
FortressSqr,12
ShakoorMall,2
SHOEBOX,17
JAMILTUTORS,4
AIOU-EXAMS,8
AL-Barkat,2
Hamza Mall,1
NXCOMM,10
APNA Shehar,22
COOL APPS,5
Al Nafay Td,6
KAYSERIA,69
TCD,13
PRIME BPO,3
Ustaad,4
AIRBLUE,7
GrandAtrium,8
ROYALGROUP,13
Hunar Fnd,1
BIH,3
ACCA,8
SKANS,127
KBM GROUP,2
chuanxin,2
NAMAL,5
EnglishShoe,7
WirasatCom,5
RW Society,1
CALL-A-CAB,9
GWADAR-COM,1
HIGHLAND,2
AMS Zaamin,1
PRP,8
FreeBalance,3
YoutubeOffe,4
CALL Offer,2
Bonus MBs,1
ZafarEstate,2
The Smiles,6
alfatah.pk,11
MARIA.B,16
CAREER,2
SITARA STU,10
ROYAL ASCOT,1
FBR-RTO FSD,14
Gatwala Hub,4
ALANSARI EX,19
Prop Master,2
SUMMITCLG,1
CashExpress,30
SWAG KICKS,4
Bata,33
CareExpress,1
LGBrandShop,5
Welcome MBs,1
QCLOUD,2
HOLZ,2
RETROROAST,3
CONCEPTS CS,1
SpaceSuites,1
TIME VISION,1
EXPO STORE,60
J. ,41
NaviForce,3
EXPOSTORE,14
Roadrunner,4
LOAD OFFER,82
PEPSIPSH,1
SalaamAlert,8
PAPA GINOS,8
MOVIDER,2
ASIF SUP ST,1
BAHRIA TOWN,9
FilterHouse,2
Dot X,2
PAK-POST,7
MASHospital,4
MEMON TOWN,2
Canal City,6
The-Reader,44
MBB Offer,75
MES,10
THE EMINENT,5
ClashofClan,13
BalanceSAVE,6
PlayGames,4
LATADADcall,5
JeetoFreeMB,3
Goonj Tv,5
EasyCards!,6
Urban Ultra,2
EXTRA GBs,2
FREE Movies,2
JeetoPrize,6
QuizWiz,8
All in One+,15
FreeMB Hour,1
Nayi Offer,8
AlFajr,3
FREE MBs Ro,2
Eidipaisa,7
TelenorShop,3
Jeeto MBs,4
RamzanAsani,6
IftarDeals,8
Youtube GBs,5
The Reader,2
TelenorGamr,39
PlayTime MB,4
Jeeto Inaam,2
UAE Offer,2
Youtube,5
Recharge,2
Bachat Deal,3
JEETO Inaam,5
Freedom,1
Break Lo!,1
TelenorCare,1
Offer Lagao,1
LajawabSALE,1
JeetoCash,3
TelnorCares,1
CricketStar,4
imo,5
Malay Ofr,1
PITB,6
MUFT CALL,9
Google Play,1
Free MBs,5
Telenor Gam,1
SpecialDeal,2
JazzWelcome,6
Free FB,1
WowBox,41
FREE MEAL,8
MUFT OFFER,6
Win BIG,5
Mhana Offer,1
KSA UAE ofr,1
Enjoy More,4
Talk Shawk,1
Sept. Deal,1
Discounts,3
CSD,44
Free Alert!,1
Mhana Asani,5
Call Pkg,13
V.U.,225
BEECHTREE,83
Smart Tunes,1
Free Data,2
Game Uthao,2
FreeWhatsAp,5
Free Offer,1
KIH,1
DataFreedom,1
Student Pkg,7
Ludo Legend,2
Fruit Ninja,2
Balance !,2
Batman,3
FB and WA,27
LOGIX,2
Soccer,1
Flash sale,3
TMNT Power,2
Be Social!,1
My Telenor,30
Social Pack,1
Khas Offer,1
Hitman GO,2
FreePackage,1
KamyabAwam,5
Are You In?,1
Limited Pkg,1
More Azaadi,1
PUBG MOBILE,2
UK WC Offer,1
MUFT Call,4
Hit a Six,4
CRICKET WC,12
Cric League,1
Milega More,1
Weekly Sixe,1
WOWBOX,12
MoIB,1
Super Pkg,10
HowZat!!!,2
Score a Six,1
Win More,1
Gift Menu,1
Super Sixer,1
jazz cares,2
jazz,136
bal share,4
jazz world,23
warid,5
#simlagao,4
paf,1
chenone,6
jazzcash,6
Yalla,3
Gameskhelo,150
SMS hi SMS,168
AAX,25
Exness,5
Faiza Cream,3
AliSMS,2
Jazz Point,114
Agri Dept,17
TradingView,4
FREE Offer,15
GV Shoes,6
HUGO BOSS,2
Likee Offer,17
remitly,14
DealnDeals,4
MELA LOOTLO,13
JagahOnline,11
CPC PIZZA,31
COTHM BWP,2
RAHMAN ENCL,3
YooMoney,5
BuyProperty,1
SNOWHITE,3
Bytdce,3
ADIDAS,20
STEP,5
PGC,101
HANGREE,12
TOPGRADE,7
HangreeSale,13
PITC,4
IMTIAZ MRKT,7
STEM,2
BISEGRW,7
UC's Bonus,14
VapeMall,2
SereneAir,1
Saudia,3
Zivni,10
KHAS STORE,1
EasyWork,7
CAREEB,1
RAMAYCLINIC,5
NEW RAFI,3
EasyMED,1
YAMANI,2
Ridely,2
Timmys,83
WaseehStore,2
MS BOOKS,2
OFFSPRING,1
SUPA,10
ECS,117
alsana,5
ICMAP-MUL,20
HomeSrvices,2
NCBA&E,1
NCBA&E-Mul,1
TPBVS,377
MACRO Mall,2
HYPER MALL,1
HealthSol,2
FW HOSPITAL,2
ShalaanJobs,11
MBL Remit,9
ForanLAGAO,28
More Gaming,10
Ufone Offer,12
HANG-TEN,1
AIMS KTS HR,6
Ajmairy Gar,1
JAZZ FREE,3
JAZZ RAMZAN,23
Muft OPPO,8
Latadad Min,5
Monday DEAL,2
HSM,4
PCHotel RWP,4
IntimeStudy,2
ShahiBwrchi,2
DUNE LONDON,5
TalentAlert,2
Al Fatah XX,17
Vvork Cloud,1
LSM-LSPS,4
COTHM,1
CIMSoficial,1
HOOMWORK,12
MarksOptics,3
Superior,63
AsanJobs,1
LOGO SHOES,7
StyloOnline,2
Breeo Intl,1
Aladdin,9
BARQ MALL,13
SONIC Game,8
Super Hour,37
GetExtra!,3
MoviesFan?,2
Call of dut,27
AODOUR,1
TelenorLOAD,3
UltraClub,8
BARI BACHAT,13
SEGA,1
 FreeMB-Lov,1
GLOBALFUN,1
DhamakaDeal,3
PRIME,7
PEL Care,21
NEW YORKER,67
Shahid Mkt,17
Bt Traders,81
KamalRaabta,12
AA Estate,1
KONSEL,13
ParachaExch,4
HITASH,4
FOOTLIB,5
BulkSMS,2
LRT Pvt Ltd,6
LRT,2
NTP,3
PROFARM,2
Rizwan Mall,4
FREE MBs + ,8
FedEx,20
GreatEstate,1
Coffee Bean,10
Flutterwave,1
WISE School,7
IONS,4
FirdusBaker,3
MAXI SLICE,21
Pizza Track,119
PAK SUZUKI,12
New Offer,7
UBank,16
MEHRANFOODS,15
Rentable PK,1
UShare,6
CBmessages,65
AL BIRUNI,1
DIP SHOP,1
Flash-Earn,1
BurgerHouse,9
HiAST,1
 Ideas,2
Sareaam,7
EVC,778
Orient,22
GoLootlo,16
PIAIC,1
Shaadi Org,6
Sar-e-Aam,10
FPJob Alert,4
AFSANEH,17
ILACE,15
Strepsils ,1
ORIENT,16
LeedsAcadmy,2
Lootlo,23
SOGHATPIZZA,2
RAKABI,1
FATEH EVENT,1
Sukoon,7
ShaadiOrgPk,4
 ECP,6
ZBIconTower,1
Kapray,1
CSS COMEX,1
MINISO,5
RAKABI REST,1
StopInnFood,1
Tarzz,9
YAYVO,3
ClickMall,2
PEPSI,3
FreeG,3
ZONG OFFER,2
HelloYo!,1
AKUH Lab,1
TAZ COLLEGE,1
E T A,1
alkaram,4
MuscleWorld,1
OBSIDIAN,1
UnivrslBros,2
PTCL-EVO,13
K.Compare,4
Surprise!,1
Easycard,5
Gamebox.pk,1
ROYAL FANS,2
Hisaab_SMS,203
Bolwala,4
La-Z-Boy,1
Ramzanoffer,1
OneLoad,2
THE PASSION,1
OrientCare,3
PENTAGON,1
ZS TEXTILES,1
EPI,2
Ideas By GA,16
MIBS INSTI.,1
Gwadar GOLF,4
Whats App,3
Free NET,1
Pizza Point,2
Oaks,1
DForce,1
Bonanza,2
DREAM WORLD,4
SKECHERS,1
PACC,1
HEELS,7
QarebiDukan,3
PMPKL,4
Taj Elec,123
BaithakFood,3
WORLD ELECT,1
Superfeet,1
CAPSTANbyPM,5
Fair&Lovely,5
POOCHO,3
Eocean Test,1
DHAI,1
FTX,2
BareezeHome,63
HAIER,60
VerifyKit,1
Polar Cream,6
Paradise Cn,108
Remitly,9
Rafiq AC,5
ALLIED-PGC,13
DIGI KHATA,1
SPAR,2
ChiltanPure,10
 GoP,1
Sanaulla,2
LEATHRPOINT,51
Viber,2
UNI TRAVELS,9
ESTATEEXPER,1
LAAM,1
DeeHutPizza,21
Dorm,4
Marksol,1
PlanMyTrip,3
RICULT,6
FreshizMart,1
Crescent,1
LatadadCALL,2
New Offers,6
All In One,1
Fori Inam,1
Fori Inaam,2
Digital SMS,1
MegaData,24
NewBundles,3
EXTRAA DATA,1
Extra Offer,2
Vidly,3
Kiran Guide,1
RBT-AD,1
ZainGames,4
JeddahGOV,7
Neqaty,8
Advance-AD,1
Anghami-AD,3
Kido-AD,1
WAVO-AD,1
Cricket-AD,2
SNAPCHAT,1
RateHajj,1
StarzPlay,2
U-SIM,1
Free Movies,6
NetFlix,3
Latte e Te,2
ForkNKnives,1
Bill Due,2
Mom & Bab,1
StarHoliday,3
All in One,1
LATTE E TE,1
PUBG Game,1
Candy Crush,1
MatchlesLCC,3
HomeTUITION,1
HukumJanab,1
Agri Punjab,52
DoubleHorse,1
Oil Seed,9
Bayer,6
Nativo,3
GSKPAKISTAN,12
FTTS-PEVO,4
Raja Sahib,8
ALNOOR,12
PharmEvo,10
FTTSPEVO,4
ECP SECTT,4
SaibanGroup,1
Mega Market,1
cninfo,4
Rang Ali,11
LONDON CTYD,11
AANGAN,10
MyZONG,60
CrystaLight,2
SHOE MAKER,1
PEST OFF,1
Subway MLTN,1
CHARIZMA,7
AL FAHAD,7
Wiz Wash,1
AlMadina AC,1
ALFATAH,1
BIGOLIVE,5
HELLO,3
Aangan,2
Hobnob,1
NCBA&EMul,1
ENG IRFAN,3
Saad Estate,3
Millat,1
BismillaEST,2
PEG,1
NEA,15
IMTIAZ SHAH,9
R-FPAP,6
AOT,2
PinePharmcy,4
Eagle Mktng,2
BEI_Heights,2
SCHOLARSHIP,6
GOMAL UNIV,5
JICC,1
FLOORISSA,4
AL FATAH TT,36
UIC,2
SIUK,2
PNR&SC-QTA,5
PAF-ISC-QTA,1
Dastak WF,6
Emochee,4
Persontage,2
Crazy Women,27
DAWLANCE,8
Akademos,4
Tuition O A,2
ComfortHub,17
almas,19
MauqaOnline,1
AlliedEstat,2
OPTIFY,20
Speed NET,4
ATINFO,4
MutalaQuran,4
Bahria Sec.,1
BSS,3
OMYS UPDATE,9
E WORLD,1
UNION PROP,1
MMIH Hosp,1
SLACC,16
Roof Leakag,6
AlSamadMaps,2
Bogo,35
YMK,1
PIZZAinLite,2
PIZZA NICE,3
KurtaCorner,1
REHBUR,2
HELPERS,2
SI UK PAK,11
Nandos,1
OMJ,1
CADETCOLLEG,6
PieInTheSky,4
MOLD,15
Bahria Home,6
RIOS SHOPS,4
INSTABASKET,3
Naheed.pk,1
WMO-PC,2
KIDS POLO,2
Appie Farms,1
SWVL.,1
NaseerAutos,1
M. Exchange,3
AxisMall,2
EEG Brain,1
KHAS STORES,2
MhmodPhrmcy,4
LA-Z-BOY,3
Dastgyr,4
BABIESWORLD,2
Home Tutor,7
StreamBuddy,3
Emirates RC,1
etisalat,66
etisalatINF,389
RASHID Co.,12
ASF HOUSING,21
Royal Camps,1
Emaar HS ,1
Maxi Slice,7
MANGO,5
PC Karachi,2
MinnieMinor,61
GreenO,1
Al-Hayat&CO,1
PAK CHINA,3
ZA SQUARE ,1
DFTL,5
BestProduct,2
Ghar Banao,1
AERO ICONIC,2
Bahria Plot,1
UFONEA,8
KHI CharJi,4
AZAADI DEAL,1
Boomplay,3
Alishba,1
PAKASIA MKT,1
ASTRON,2
PIET-Multan,2
BucHospital,3
UCMS,1
KIPSCOLLEGE,3
RCI,5
UNIQUE Clg,2
GreenChanel,8
SupremeFarm,15
TAG CHOICE,3
Levis,113
Deal&Deals,6
Baloch Trvl,6
Brand Store,1
KHM Group,1
MNM,2
Dockers,33
LHR Tutors,2
F.H.CLINIC,1
PLOT IN DHA,1
AL MadinaEs,1
HotPizzaHut,3
MGC,7
AF College,1
FurnitrExpo,1
wifiuae,43
Smart MCN,2
UberEatsUAE,5
MBZ,1
DXBPermit,1
UAE GOV,2
VioBuzzy,1
Kaybee,5
KAYBEE-DHA,3
VEGAS PK,3
MAJU,4
Bucksmil,14
MostBet.com,2
TESORO,6
Salahfalah,23
Line,6
ROLLOVER,102
SAP,1
Ucricket,5
CALL A CAB,6
HOS,1
Hafiz Wash,1
FreeMB-Lov,1
YoutubeKero,2
Clash Royal,8
GOURMET,17
Tandoori,1
XClub,11
XiaomiStore,21
IndusOptics,3
MUMUSO,51
BLYNC,1
Basheerbhai,6
EBONENET,1
Muzzy BBC,1
Ziyam Prop,4
KamyabAurat,3
PDMA SINDH,5
realme,1
Cinepax,26
EBH,1
PRINCE,5
Ghouris,1
SMS Club,6
Madina MnR,1
PrinceStore,2
JazzCalls,4
HassanArcad,1
Safr,1
Jazz Bplus,3
Zong App,3
My Zong,4
TAX LAWYERS,1
WomensSalon,1
Telenor MBB,5
BrainTEL,202
RAYS,1
E Movers,8
ALJANATMALL,6
Home TUTOR,1
Outfitters ,13
eZhire,1
MOHSINS,3
Malaysia,18
Saudi Arabi,1
MUFT Calls,4
BWC,7
BiP,1
INGLOT,34
PlayToChill,117
EXTRA MBs,4
Among Us,8
NL ,11
MUFT MBs,3
FRUITHIT,1
FreeMBs Roz,1
Play&Win,5
BachatOffer,2
EasyCard+,1
MEGA PROMO,3
Voice Offer,1
FreeStream!,1
AllinOne,5
FREEMBs+,2
Money Heist,1
STARZPLAY,6
CreditCards,1
Stream PSL,10
SportsOffer,1
PSL YouTube,2
PSL Fever,3
Playwing,11
Bundles,1
MuftPaise,1
MonSalwa,5
FreeGames,1
Total PARCO,7
CarTracker,7
SareAam,3
Free Games,2
Dec Sale,2
TelenorGame,1
Activate,2
AR Tutors,1
Cricingif,1
AMEL,1
Sport Video,1
Sightsavers,1
UberKSA.AD,1
ZainAD,13
ZainDealAD,5
EmarhMakkah,3
NamazTM,20
Tasbeeh,4
Ayat,4
DCB,1
Rebtel,2
History,1
mycart,37
BeeSmart,5
PaudaPay,3
 Flash sale,2
AMANBUILDER,1
Telenor App,1
LAPTAB.com,1
BIDE,1
PIN Telenor,2
FranklineTv,2
TandooriPWD,1
MXPLAY,3
EasyTopUp,13
feiyr,1
CW Vault,1
CHOOZ PK,1
Mateam,1
SPACE TECH,1
WWFUND,3
RSU-SELD,5
BIN HASHIM,18
TOYOTAESTRN,5
Dr.Essa Lab,9
NESTLE,8
Umrah Pkg,1
ALEMAN,2
MCN,94
JUTT FARMS,21
RIOS,17
AMRIJ,10
ALSHAYMAA,1
ALFATAH ELC,11
SMEDA-NBDP,2
GEOConsults,1
MoD,1
PEC,1
LSM-LMDA,5
PLEASE VOTE,1
AiNetworks,1
BURGERHOUSE,16
SAYA,20
KPGOVT,3
Rozanagamer,48
MMIH,5
OTP,4
COTTON&SILK,25
AzamAminCth,1
PizzaMaster,22
FinalChoice,5
FMA,1
Xiaomi,17
EU Pakistan,4
DREAMWORLD,3
GLOBAL LABS,1
Colorshowpk,7
Paragon Ex,7
Aptech SFC,2
Aptech JHR,6
Akswear.pk,2
DanshTareen,3
Zubaidas,2
Roof Care,3
Graco,1
SmartCut,4
Jubilee,1
JOMO,16
SZUKITWNSHP,1
WOWTAKEAWAY,9
Health Ways,1
FreeMedical,4
Joyland,7
AC SALE,3
UPayments,6
Faaz Tower,3
HostingsH,1
IMROZIA,5
SERENE,5
Rozzana PK,1
Ramzan Gift,1
Rozzana,1
ASN ACADEMY,7
MARKSpharma,3
Bella Ciao,1
Shifa Intl.,13
FrenchSekho,1
FREE CALLS,3
BillPayment,2
JazzGold,16
CheatEat,6
ACTIGLOW,7
BahriaPPSC,3
RIVALWHEELS,2
PAC MAN,4
Oscar,17
vivo,4
METRO SHOES,2
PIZZA PASTO,1
Samsung Isb,1
SAQB Cab,1
IBNE ADAM,1
ISPMULTAN,5
SIRSYED CLG,1
Xmart Host,1
MOIJawazat,1
UP ELECTRO,19
UTax,2
NMDC,1
TechPlus,1
SKOOZ,3
Imran Elec,7
JAZZ AFTAAR,1
National-NF,1
RMI,2
Pinnacle,13
ACCESS,1
DSG SOLAR,2
ALS-ZZR,1
LHCBAR,1
FAST SMS,9
PEPPERLAND,39
MY LIFT,4
Punjab Bar,2
H DUGAL,2
Canon,2
PREMIER,5
Playdium,1
MERITnMERIT,2
MUET,1
Kscyun,2
ROYAL GULF,1
NH Salon,1
fgmSms,1
THI,1
Pizza Cabin,1
Burger Lab,49
PAK DETECTR,1
PNR&SC SBA,2
BLCC,4
HopeCollege,2
LGS,18
YUMMinTUMM,4
ClearPath,75
PaperClip,4
HPAccount,2
PizzaOrignl,19
OSHI,4
MDS,2
AimzTRA,2
Crime Post,3
HI-STREET,139
CRAFTLETHER,2
Orbit,2
Big Johns,9
CLIVE SHOES,2
EnemMall,139
ZABEEHA,1
PieinTheSky,2
VohraSaigol,1
MeatOnWheel,2
AINiT,1
Bayt,2
SastiCall,21
ICMAP-ISB,2
Bata Spring,1
Weekly Pick,1
CDC,2
SIP ADM,1
PITC-IESCO,22
PGC-Chakwal,1
beSuperior,1
BISE RWP,2
AIOU-MWI,1
BataPakista,2
Al-Midrar,1
JTS Pak,5
MSL-TRADE,12
Mendeez,23
HEAVEN INTR,3
Sputnik,54
FRESHPICK,1
Aztec,1
Skor,4
IG MOTORS,1
HotPod,14
Tohfay.com,2
HS-EMAAR,5
OPTIX,4
BamBou,1
CTSpak,1
HELP Fndn.,3
SA Gardens,1
Zafar Sec,148
MACCA LAB,23
MavenAcadmy,5
Find My Doc,14
PBUH Week,3
Toyota Mul,1
MalOfMultan,3
MissedCall,1
Lebara,92
TopsunBazar,31
BioGene LAB,12
PMJ ALERT,29
Gul Mohar,2
sabdulla,29
Ridan,14
BuilderMall,1
HANDS,4
Al-Mustafa,1
Portia,3
BIG BASH,1
MZEE,1
Happy House,15
TeleCard,6
RH Pizza,1
Imagine Cup,1
FITNESWORLD,9
Diners,7
MEDBUZZ,17
FRENCH EMP.,11
Forevershoe,12
Jazaa Foods,20
RANG-REZA,1
READINGS,6
Cafeteria,9
LittlePeopL,2
MegaBooks,9
SUNDAS FOUN,2
Elegante,1
BILALFABRIC,1
IBC,7
FATTA FATT,22
ZEITGEISTPK,2
HelloSocial,8
Shahnameh,1
RJ Builders,5
FITKIT,21
ABN EDU,4
APPARELSDEN,8
DHA BWP,10
Scope Kids,1
KHAZANAY,22
Damas,1
Phulkari,29
RHA,1
IMTIAZSHAH,4
BIN BAKAR,4
Big Discoun,4
SLIC-Health,2
CENIT,2
PAK TECHNI,2
Lawyers-FSD,6
DBA-FSD,34
LawyersNews,1
Olakh Law,3
ALLEY,2
COVID ALERT,1
Organic VLY,13
CHAPAL,4
UROOJ MENS,3
Salitex,3
CMAX PK,4
LARAIB NOW,1
SurmawalaPK,7
WINSTORE,8
SOULFOOD CO,38
BRUMANO,163
ARINO,5
CUTERA,10
GALAXY PHSS,23
Morinaga,1
Nutrilov,1
ToyZone.pk,5
Zeen,1
AapKiOffer,28
Max Bachat,1
MedicalStor,12
FullDay,7
Jeeva Tex,5
ApnaShehar,5
SOULFOOD PK,6
SZABIST JS,1
Data Offer,1
Easy Card,1
CATfootwear,1
Delite,3
Betwinner,4
CLINLAB,3
Aodour,4
ALAY,2
MansorahLAB,3
OT Skincare,5
SBM-ISB,7
Media Tech,1
ADMIRE COLG,1
AwalFoods,5
ALFATAH TT,14
COTHM-MTN,3
govPPIF-IRC,14
KaimsMultan,20
AL FATAHXX,3
FREE MINUTE,1
ICAP,12
TIMES Insti,1
GREEN LAND,54
MyGlu,2
M-CODE,4
Absher,10
Nazaha,1
HRSD,3
IAM.GOV.SA,52
MC.GOV.SA,3
MCgovSA,1
Morror,2
Sehhaty,5
MOJ.GOV.SA,20
Min.of.Haj,3
Tawakkalna,3
DataSetting,2
ZOHA AUTOS,1
PNYTraining,42
FourSeasons,1
RelishFeast,3
BABA TIKKAH,4
SIM,4
LAGAO,4
Baba Tikkah,2
WWFund,3
MConsulPlus,2
ZAITOON,12
REEFLAND,11
Moosajee-S,1
LMIS Alert,1
IMRAN TRDS,2
Emporium,108
NishatHotel,5
FABRICSTORE,4
AL-KAUSAR,1
IDPEDU,1
YTML SMS,209
SSS-Alarm,1
ToyotaRoyal,3
DELUXE TOUR,3
PRINCELY,22
ROPlant.pk,2
PHOENIX-ARM,71
BDRP,1
PHOENIX-SEC,2
Lemon Tart,12
F O A,14
ItifaqTrade,23
CASIOCENTRE,1
PopularStyl,1
Infantino,5
NYP,2
VINTAGE,1
AGENTPET,4
Ziauddin,5
TIH,5
Katib pk,1
Movin Mart,87
Burgeristry,3
MamasLittle,2
ECKO UNLTD,10
Golden Sand,1
ZOO YORK,8
DREAM HOME,3
IdealRishte,1
LWE Online,20
APRC,5
AlAzizClinc,8
EGOC,2
ORBIT,3
BigJohns,1
PATEL GROUP,6
UNI EXPO,1
Mr Ac Buyer,1
PESCO,39
PayMax,10
NSM,1
APNI-SAWARI,6
Tornado,20
Imarat,5
TORNADO,3
XIN MALL,1
FutureSmart,6
SanaiSchool,67
HopeNotOut,9
BEACONHOUSE,3
MTA Sale,21
CCW-FIA,1
LAZBOY,1
Alkhidmat,6
Teefit,1
DC RWP,2
IRONGEARFit,2
TCS NR,1
Jazz Info,2
FreeWhatsap,1
PublishEX,6
DEVISERS,16
Munchies,1
JBSAEED,2
BabyPlanet,29
SIMLAGAO,290
ZONGOFFERS,760
SOKAMAL,11
SLIC,1
Kingtox,2
UKUSACANDA,24
GODENTAL,2
TAFPakistan,5
DIPSHOP,1
LTAB,42
LotteAkhtar,1
ZG info,2
MasterMotor,2
Popular Mob,1
FSCPAK,4
FarazAcadmy,1
Innova Labs,4
LAMA,5
BR Pakistan,3
PAKLAP,2
Insignia,24
SHAPAGO,15
Ehsan SHOES,1
Sparrow,1
BERRY,3
Agha Noor,5
Almaida,3
Indus Uni,1
SUBWAY SWL,1
ITTEHAD SWL,1
OPTTUTORS,1
Humwell,27
SIOVS-MAT,1
Transworld,105
SpeedMartPK,2
OrderNation,7
Minzdrav,5
FVV,9
Ucell,24
Info,4
Yandex.Go,1
Ucell info,12
Ucell_Bonus,2
UltraKonten,1
SmartMobile,1
Karaoke,1
DIT,1
Synerika,1
Bringo.uz,4
Sug'urta,2
SNG,1
Who am I?,2
ALFATAH FAB,1
Al-Chiroq,1
StateHealth,6
HSE Telenor,1
Telenor PK,1
ConsoliAds,5
ESQUARE,2
FaceKartApp,1
TECKNOWLOGY,1
EcoNex,11
IGIVITALITY,9
ARELCTRONIC,9
ORIX,30
LOGOSHOES,1
Afsaneh,1
Silver Oaks,4
Real Invest,1
eFBL,24
LoadOffer,1
MAFjet.Ltd,44
NOOR LPG,5
CrystalSol,3
ILM College,3
AICL,10
PeakCollege,1
DM Digital,4
M.AbdullahE,1
SO KAMAL,29
IdealTestSe,8
XPS Courier,1
LeyJao,1
United Mall,5
Loot Sale,1
LOOT SALE,5
Doce,1
Meat Co,2
AlBarkahGHS,10
AlBarkahCES,51
IMS-PakAIMS,2
Alnoor Lab,2
HomeTuition,4
AGA KHAN,3
ZenithMeat,171
REALESTATE,5
LAB ONE,3
DELISHPIZZA,2
SARIM TRUST,2
TPLIns,5
FREEMINS,8
FREEDATA,8
BEFIKRI,11
DAILYFREE,6
SUPERCARD,7
ARYWALLET,7
J,1
TaizSpeed,81
urbansole,9
PITCLESCO,4
SAAFAWAZ,4
BRPakistan,3
NABLAHORE,12
PizzaMax,12
YELLOW,1
NBPFUNDS,2
MNHSRC,1
BilalCargo,2
AghaNoor,1
PizzaHut,25
EDU. EXPO,4
EDUEXPO,1
LABONE,1
SABROSO,2
ACCESSORIZE,1
PRA,4
DWPEcoStar,2
DWP-EcoStar,2
 Tarzz,2
DIGISKILLS,1
E.C,2
EC,1
IdeasbyGA,10
Gray Stone,1
GrayStone,1
STAR MKT.,11
STARMKT,11
TPLTrakker,2
SurfExcel,1
UfoneCareer,18
Cadet Coleg,3
CadetColeg,1
STARZPlay,1
UBLFunds,3
DubaiJOBS,1
Dubai JOBS,1
DAEWOO BTRY,1
DAEWOOBTRY,1
DINERS FO,1
DINERSFO,1
ROZEE,2
F.M Cargo,1
FMCargo,1
UBL FUNDS,1
UBLFUNDS,1
NHMP,2
LIPO CLINIC,1
LIPOCLINIC,1
DARAZPK,22
FBRGoP,1
DAMFUND,1
DAM_FUND,1
ROOTS RIS,13
ROOTSRIS,1
FBRGOP,1
VIPHAJJ,1
VIP HAJJ,1
GoldenEst,1
Golden Est.,1
wi-tribe,1
witribe,1
JBSaeedHome,4
HYPERSTAR,143
IdeasByGA,7
PunjabGovt,1
Punjab Govt,1
RoyalTag,9
"SAEED,AJMAL",20
SAEEDAJMAL,13
FESPak,1
TMUC-LAHORE,1
TMUCLAHORE,1
Bounce,2
Rays MKT,1
LE PARIS,3
CAKESNBAKES,38
S SUFI XPRS,1
TMUC  LHR,1
Babyshop,1
AL MUSTAFA,1
S.Basha,1
CAM Pvt Ltd,2
CROCS,1
Strepsils,1
CarHelpline,1
Guest House,1
Venus Aest.,1
DAWAIATDOOR,1
British C,1
CHASE,12
MAD CHEESE,3
desertcart,1
mKhata,1
WEBSALE,4
SMS Offer,1
GENERIC,2
KakaoTalk,1
WEBDOC,3
KCCG,1
AgriSubsidy,20
CERP,2
GSSHO,1
UOS,4
SERVICES,1
PITCIESCO,1
ROYALENCLAV,3
Farebin,1
JAZAC,1
DARULMADINA,17
DHLEXPRESS,1
ICSTSI,4
ROPOSO,1
Warble Mall,2
Baitussalam,2
BAITUSSALAM,2
EXCLUSIVE,2
R C O,1
KWSB,3
FALAKNAZ,2
RENTLY,5
SUBWAYpechs,1
TANDOORAY,1
JB SAEED,3
LALQILA,15
Offspring,1
ModernCentr,1
Eagale Soft,5
Rising Sun,3
GhzaliTrust,1
DHA GWA,6
FRUIT HUT,15
Ali Saqlain,3
OXY,1
DAMAS,2
DS GLOBAL,1
MASTANI,6
PLA,1
Leatherhome,1
Invest.Home,1
Aslams Mrkt,1
Build Asia,1
ECube Solar,1
Voice Com,1
EARTHLINK,3
RedBox,1
GoldAsia,1
DUNKINDONUT,1
Instalment,2
VISA XPERTZ,1
Eagale Sol,4
RS Travels,1
ADMISSIONS,2
PEHCHANMALL,1
ShahTajTrvl,1
ArqemHajj,3
ALFATAHTRVL,5
Caller Tune,2
Heavenly,1
Veon,1
Sheikh Jees,1
THE PALM,1
JOINTECH,1
ILHT,9
Bank Islami,1
NadeemTikka,1
Coast Way,1
DAMAC DUBAI,1
DHL,18
DHL PK,1
HOME SHOW,1
Slimz,1
Sakuf Tours,1
LalQila,3
THE AMBER,2
TheRiceBowl,2
CRAZE,1
CANDI,1
SOAR,1
Edwags,1
iStore,1
DevisersLaw,1
MOVE TO UK,1
FABRIECO,1
RahnumaFPAP,1
BCIE,2
HadayatSons,1
ATOMBUDDY,1
MIAN CATTLE,2
AshrafMuton,1
CTA,1
GISMA,1
VintageCars,1
SelectPropt,1
FM EDU CON,1
Dettol,1
ODXTRA,1
KEUNE,1
OPTICA,13
LAS,1
JOTUN,1
FoodTime,1
Cancer Care,1
AJMAL,3
The Hikers,1
Ideas Man,2
HAIR SKILL,2
NORDIC,2
FES,1
AMANAH MALL,14
SHUMAILAs,1
SYMBIOS.PK,3
UNI-GUIDE,2
Uprise,2
ASIMJOFA,1
JULKE,2
VEON,13
NM Asociate,1
ZACTAX CONS,1
Scholarship,2
Bareeze Man,1
SK MOTORS,1
FWO SmartMW,7
Flight One,1
LAW HOUSE,1
Indigo,1
Harpic,1
AimFit,1
SANOOR,1
Just Pure,1
AvariLahore,3
Amanah Mall,1
MahmoodSons,1
PremierHome,18
Gorgei,1
DEALMAKERS,1
BATELCO,4
Batelco,124
AlHilal,1
BatelcoEN,12
Zain Orders,1
ZainBH,2
BeAwareBH,4
GSA-Bahrain,1
Batelcoshop,3
eKey,3
BatelcoAR,10
MOH-Bahrain,4
Extra,2
Saar Mall,1
SinglMuslim,2
Jeevan,1
SALMANIYA,1
Etihad,2
AlJishi Dnt,2
EZREMIT,2
BFC,2
Best offers,1
BahrainTaxi,1
IMMIGRATION,1
ARYAAA,13
AtlasIns,1
SASTATICKET,2
Apricart,3
Aquafina,2
Pizza Bake,1
BUY ZAMEEN,1
ZamirAnsari,1
Jazzload,1
Usehat,1
MAK@ALKARAM,1
LALAZAR BNQ,5
The Vision,1
Winterland,1
J.    ,1
Champs SMS,2
SHARIF COMP,4
ALMADINA AC,1
Toyota,15
Vision Elec,4
FalettiGrnd,6
OreganoPiza,13
PROFESIONAL,2
SalmanNaeem,1
Elite Group,1
ALWAHID,4
Uhealth,1
SOFTRONIX,4
WUService,3
Games Offer,6
Yalla Ludo,17
DELTA POWER,5
SINDH AGRI,2
Nexus,10
SaybanGroup,3
FMC,3
ITPARK,1
Ladyplace,1
ICIL,5
HIPSTER,1
HISTREET,34
TimesConslt,1
CCM,1
ZainabAlert,1
TW Team,1
Nearpeer,1
COIMSG,1
Vodi,1
SRealEstate,5
JOVI,7
REALTOPEDIA,5
S Associate,2
FAMs DHA,7
FAMs BAHRIA,1
N K,11
TDC-ISB,2
BeaconAcdmy,7
GUL ESTATE,1
Excel Labs,1
CoolandCool,1
JALAL SONS,8
RHIZMALL,1
UKAAJ,2
Apollo,277
BnW,3
ALS,1
Shoprs,6
DeliveryDHA,1
MoCC_UNDP,3
OCUS.com,1
RAZER,2
Telemart,1
Adobe,1
P-T MAARIF,3
DaewooMiles,1
IADM-STEP,1
IUSmsServer,2
AD-Pyypl,6
AD-PayBy,1
du,18
cashnow,7
AD-Nexty,1
duroaming,1
PLVSMS,3
DIB-SMS,26
noon pay,3
FORIS,1
AD-MshrqNeo,3
AD-du.,409
AD-ANSARIEX,2
AD-LULUEXCH,1
duMPOS,4
BURGERKING,3
Agthia,1
ECD Play,3
AD-DI,1
Shipa,10
DU,2
Lulu Exch,1
LULU EXCH,1
AlHosnApp,6
AD-etisalat,31
Big Ticket,4
AD-FIVE,4
Tamouh Care,5
MWorld,1
AD-DTC,4
ADPHC,1
RedCrescent,4
Digital UAE,2
GamesMania,1
Neo Alert,4
SHEIKH JEES,19
AD-MARINA,1
AFC.AIT,2
SEHA,4
AD-AlFardan,1
PURE HEALTH,7
DOH,6
Voicemail,9
PureHealth,2
MoFA,1
GENOME LAB,2
PizaThatsIt,2
Afro-Asian,2
Al-Razi,1
ChaudharyEl,1
Clicky pk,2
USA-Lahore,1
PizaThatslt,2
RIZ PLASTIC,11
HOBO,3
SMS ESS,2
TheExplorer,1
InstaMall,2
Concordia,2
SadaPay,2
CUI-ISB,4
Bohat Aala,3
NRSP-SGD,5
Free OPPO,8
OPPO Eidi,3
Zong Eidi,12
HIJAZ HOSP,5
GCS,3
BETWAY,6
Mr Tasty,1
LEADSUNIV..,1
oladoc,10
KetoSlim,3
CITI LAB,2
Rejuvenate,1
UnileverFS,1
IBNE SENA,11
fruitofy,1
UBQARI,4
Mughal Labs,4
TMF,32
COTHM JT,6
WorldRemit,4
McMoney,1
FabricStore,25
NISHAT CLG,20
WBbyHemani,2
PizzaKitchn,6
SANAS,3
NAUROZ,1
Visa,1
Citrus,1
Hamid Entp.,2
BZU,2
Code,1
Limit-Clg,1
RajByMansor,1
LimitClg,2
DAPSubsidy,20
NISHATCLG,20
JAZZGOLD,42
HamidEntp.,2
LRTPvtLtd,1
TAGCHOICE,1
VisionElec,1
SMS INFO,3
TMUC,25
BahriaTown,4
NESCOMALERT,5
Ittefaqelec,2
LINX,1
SANIAEXPRES,1
CPEIC M,1
excel-labs,10
BAKHTWRAMIN,4
JazzSEC,2
PDMA Punjab,1
BIG MOES,5
SUZUKIMINI,2
Foodsted,6
HBKTheMall,1
UltraBachat,4
GAMING,3
GamesClub,4
Proven Sols,1
NZ Games,1
SoukGaleria,13
ASTORE,3
SALITEX,2
Dynasty,6
GIRLNINE,15
JubileeLife,6
Abayapk,9
SFTVentures,11
AIOU-DADU,4
EVS,1
unavailable,2
Baroque,1
NikahCom,2
DIBSMS,2
JazzKonnect,10
UNIFORMERS,7
Betfair,1
Taiztel,1
BodlaBuldrs,2
Proton,4
RIS-DHA II,1
CASHLINE,3
CLOUDSMS,1
COKE CLUB,4
HAAZIMS,1
PCC EXPRESS,8
PakOmanMFB,37
zong,65
spbs,4
barwaqt,6
Ishoppingpk,5
SmartClub,4
BHSS,3
COINDC,1
stc-ad,20
MOJ,5
CITC,6
NCA,1
HRC,1
GPH,1
MYSAWAAD,27
QitafAD,1
stcad,6
JawwyTVAD,4
Saudi Post,1
RIVAJ UK,26
EcoFin,3
ALMADINA,2
AEON TRISL,5
PWF,8
Bareeze MAN,2
Narkins,1
MAHA Bachat,11
Wire,1
PITC-HESCO,3
BehtreenNK,3
FAHAD Tutor,3
CAESARS,1
TTG,2
Darul Sehat,1
HPO,3
SIFFAT FOOD,25
SAJJAD REST,1
sdafsadfasd,1
FaizaBtyCrm,8
Madina Prop,1
MakkiOil,7
SUZUKI SSM,2
SuzukiCanal,1
TAANA BAANA,25
KIDLIO,3
SUFNA,9
iTecknologi,2
ImNotMe,1
YMART,2
EMAN ESTATE,1
SINDHPOLICE,1
BASEPLAN PK,6
Green Palms,1
FashionDiva,1
ITC,2
Aptech DHA,1
NAZIRCHOHAN,4
FaysalFunds,1
ALQADIR Sch,7
KHTABK,21
MagsiClinic,2
MadinaElec.,1
QurratSaqib,1
Aeroline,1
BARANI,43
STEEM,1
e-Rozgaar,3
Aladdinmc,1
HMBakhshLaB,3
TakhleeqLhr,4
COMSATS SWL,4
HAMRAHAVAL,2
MuftInfinix,13
Irancell,5
KifeDigital,1
Pishvaz,1
Bazik,1
.IRANCELL.,1
*Irancell*,1
InfinixEidi,8
WASA-HYD,2
IMMIWAYS,1
FreeSamsung,1
Wi-Tribe,3
Karmanwalay,1
AL-NOOR PWR,1
AL KHALEEJ,3
EhadPhrmacy,5
MobilePaisa,1
KKN,1
RaeesElect,1
Khel Tmasha,2
OXFORD ES,14
ShalamarLab,1
SIHS,1
PIN,1
FREE BALANC,20
Call Offers,2
FORAN LAGAO,1
Bachat Offe,7
Maha Offer,9
Khushkhabri,1
Pepes,2
CommChat,1
TN Fries,1
DAR-E-ARQAM,2
MMTRIP,1
A.k Autos,2
IXORA,1
PSX,13
PROPERTY,2
TNV COLL,5
TRASUR,10
UNIVERSAL,23
SEPTODONT,4
QAISER COOL,1
FABNOS,2
ZONG DOST,3
Bonfire,7
Forecast,12
BONFIRE,2
FORECAST,3
JBREstate,1
CORVIT,12
HABIBTRAVEL,4
BabiesWorld,7
FINE PIZZA,9
MobilinkMCA,4
MMCASHnCARY,6
EtumaxPK,10
Servo Oil,1
ICON OIL,5
NECCTV,1
Grocery,3
OPPO GIFT,5
HAJVERYUNIV,1
MACINFO,3
OIA-UMT,2
AFELECT,2
JOB TALASH,8
JOB ASAAN,3
HW CABLE,8
N-U WORLD,11
FoodShop,2
TOYOTA HN,1
Dany,7
GraceTailor,6
TravelDiary,1
DARSON ALRT,26
FreshForex,2
NPBFX,1
DARSONAlrt,1
HSPakistan,3
Darson Info,1
DARSON INFO,1
GameMania,9
BonusReward,3
Bolts Gift,8
PaymentGift,3
SILK LINE,6
BillDayGift,4
 Telenor,1
IBEX GLOBAL,1
Fh Labs,3
Makeup-City,2
Optic World,6
PostBillPay,73
StoneHarbor,8
OTS,9
Cric Fever,1
SMS BHARMAR,35
PIPS SCHOOL,1
ABACUS-BPO,2
INFINITYSOE,6
PYCA,3
ARMARKETING,1
OTTICA,1
NETZE,76
Smart Click,3
TML,2
WISH HUB,5
SHOMI,3
ISHAHIZA,8
HotelGalaxy,1
MHK,1
Fauji Meat,1
ORBS,1
FCG,1
TCM Service,20
AKHUWAT,1
ETO,2
Shoukat Int,1
HABBITS,1
ToyotaWaltn,1
J.   ,1
CINEXINHUA,1
FurnturExpo,1
Vanadium,1
Fearless,267
FEARLESS,174
ImageFabric,40
ALFATAHTT,40
SOULFOODCO,2
LusciousPk,13
RETRO,3
Tippitoes,40
ThelinenCo,11
PolarCream,2
FRANCHISEPK,1
CliveShoes,5
BuyZillaPK,11
OnlineOrder,4
PhoneCode,2
BADARNET,43
VEGASPK,14
AZHOME,1
Mayascloset,7
PlotNPlan,1
UNITEDKING,18
LibertyBks,2
BESTDEAL,1
CHANGAN,4
KHASGROUP,15
AlfatahISB,22
HomeTutor,3
LaDownTown,1
CMAXPK,4
C.Bernard,4
AlFatahXX,1
UG,4
KLinen,4
SaeedGhani,2
CUBBY,2
LootSale,1
SHAFIQSONS,3
VENUSAEST.,5
LOOTSALE,6
MySmile,2
ALFATAHXX,4
MeezanCity,1
UBoxGaming,1
ALISAQLAIN,7
MuzzyBBC,2
HaierAC,4
BareezeMAN,54
JazzTV,4
GOMALUNIV,1
QTRAirways,1
OPS Mardan,5
ESC,2
BUSSQUARE,2
Amuse,1
KingFin,2
Daraz Dost,1
PNR&SC_RWP,1
Mausummery,2
vu.edu.pk,9
EatOye,1
MSG,1
FoodOrder,1
KAYMU.PK,1
MPCream,2
DISCONTO,3
Techcity.pk,2
TECHCITY.PK,2
D CAB,2
DUA-ISL,1
HQTRIVIA,3
Mitto SMS,1
FoodRunner,1
Mian Group,1
Streetbees,4
GraftonColg,7
IncFashion,11
ePayments,1
Zeux,1
muzmatch,1
SOBER MAT,1
TaqwaSols,2
NAVERLINE,1
IslambadTEA,2
DOMINOS,1
UMALL,7
SuperCard,1
QR Offer ,1
KBC,1
HF Gaming,2
RpSolutions,4
Smart City,8
epro,2
Academy,3
GLOBAL AGE,3
LIAQAT GYM,4
KIPS CSS,8
REGAL MKT,2
MS Tracks,28
Pappasallis,7
Raazi Hosp,7
Asth Studio,1
SAFFRON,3
WALLs,1
Beacon,1
HASSANCLOTH,2
Raazi Hosp.,4
ABN Expo,1
TPF,4
Medikay,1
Baigtranspt,4
I&HRealEst,3
Takaful Pak,16
JOBS DRONES,5
UPaisaApp,1
GamesAD,2
STALLION,5
AD-DEEM,27
Ajman Bank,10
AD-PEDIGRI,1
du SHD,25
AD-ENBD,16
AJMAN BANK,49
Deem,33
du Sales,38
Citibank,13
AD-DIBSMS,14
AD-SAMSUNG,10
AD-CENTRPNT,5
TDRA,4
AD-OFFERS,2
AD-Mashreq,13
AD-MAX,8
AD-SPLASH,1
CITIBANK,7
AD-MASHKOOR,9
EmiratesNBD,17
AD-Toyota,2
Mashreq,9
AD-UNICEF,1
nefsy,1
AD-HOMECNTR,2
AD-AJM Bank,2
AD-Honda,2
AD-DHandWFP,1
SHCLBY,1
Barakah,1
MashreqBank,5
AD-WWICS,1
AD-Offerkrt,1
AD-Citibank,5
FTA,2
AD-SHUKRAN,5
Ad-du,1
TRA,1
AD-AAC-CARE,2
Dubai Court,5
AD-iEnglish,1
uae_pp,1
AD-Razouki,1
DubaiPolice,4
AD-BILKISH,1
AD-AAC,1
AD-KOOORA,1
AD-ADNOC D,2
SCOPE,4
SCOPE TUTOR,2
Al-NasarLab,5
Flash Offer,1
FREE Games,1
MTAG Top-Up,1
Dentist,10
QUANTUM,6
Meat N Cuts,2
MALL OF WAH,5
BUTCHRY PWD,3
Educator,1
ROASTERS,2
ChemaChatha,1
ADMISSION,1
ALI SCHOOL,2
OSPREY,1
GeniusTutor,1
Family CnC,1
ALFEROZ INT,1
CP FIVESTAR,39
NIAIS,1
AlFatah GRW,3
TapmadTV,1
JAZZCares,6
ZongGift,41
KROSKULTURE,1
OaksByStar,1
MUFTCALLS,21
YaariLoad,2
DigiKhata,1
JazzLoad,3
UNWomen,2
JAZZOFFER,1
CareemNOW,1
KHICharJi,1
BalShare,10
JazzGift,1
LOADOFFER,7
FREENET,8
MYZONGAPP,5
UMMAHTRUST,1
ZONGIR,3
ZONGAd,2
CHEESEON,1
ZongLatest,1
AdvocateLLF,3
GCMS-LM-LHR,27
Fizz&Fire,1
Sig Aesth,1
RISEpremier,2
GET,1
 MRC,1
Signature,1
Roomy,8
PAC-INFO,2
JS EMPORIUM,1
JOLLY PWR,1
MR AC Buyer,1
ZS TRADERS,1
USA-CIE,1
Megatech,4
SATTAR LAB,1
SahoolatKar,4
Bisconni,2
U.K Estate,1
VYAPAR,1
PEGASUS,15
KASBIT IT,2
Waka,1
FF STEEL,2
CONSULTANT,2
UNiCEF,1
Glympse,1
FUTURE ELEC,2
ZapBuddy,1
ZOTO,1
GCUF SWL,6
GCUF-SWL,3
DSJ Sahiwal,1
NOREPLY,1
HR-PSP,3
PavilionEnd,3
FFC,3
UBLInsurers,1
TAX-ADVISER,2
OTTOMAN,3
FREESIA,1
CH-ELE-CORP,4
FARAZ ACDMY,2
ClashOfClan,4
WalkEaze,2
UCs Bonus,1
SAYLANI,3
Win GBs,4
KidsTV,2
UnionPay,1
LOKAL,5
AFZAL CORP,2
RCCI,86
Kia Motors,1
Agoda,1
V One Hotel,2
GOMILA,1
PITCGEPCO,2
OECGoP,1
Ghosia-GJH,11
DASTGRY,1
Ghosia Jew,3
MasterComm,4
Profesional,3
XMDOTCOM,1
UsamaMobile,1
Star Inst,1
MATRA ASIA,4
ALTBLJ,1
Empowerers,1
KalPay,6
VavaCars,10
Meezan City,1
PakRetailer,2
TAAJ ESTATE,1
HTA,1
KACST,1
SALAM,12
Tamam-AD,7
Tamam,2
Hunger-S,1
SaudiCDC,1
Allied Sch,1
AlliedSchol,1
Pine Health,1
RZRPAY,2
VIVO Eidi,15
UCP,14
AGHA JEE B,1
Winngie,1
DRUGSNOMORE,1
GOTO,9
MoHR,1
BBISE,2
BPSC,5
RMC Karachi,1
M&P Courier,1
Rang Ja,75
Chinyere,83
ARMANI,4
Polo RL,4
Sh.Shaukat,2
hen n bun,1
IbrahimElec,18
SOZO SMAX,3
NeedsStore,2
COTTON WEB,3
TAAL,6
HAMZA SONS,1
NASEERAUTOS,1
Aleez,1
Zawadi,1
JS Global,140
WebMoney,1
ExpertO,1
SCHOLORSHIP,6
PEACIANS,1
AlAmeenFund,1
BESTBUYMALL,5
Bumble,37
MOHKAM,7
HU Alerts,2
ROSSCO EDU,1
MIHS,1
DarDelighto,1
STUDY,1
FJDC KHI,2
ABWA,1
Howdy,1
GIGA MALL,1
PKGS-Mall,49
GIGA GROUP,1
OrderLao,1
PKGSMall,13
AS&RC,6
FREEBALANCE,28
SCO,1
Free Load,4
MUFTbalance,4
AIR SIAL,2
MegaCom,4
MCHS,1
MegaSkidki,1
Info balans,1
CIK_KR,1
MegaTaxi,1
J.Khawajgan,2
Imo,1
GERD CARE,1
STONEAGE,1
PAK AFGHAN,4
La Atrium,1
JAZZ MUFTA,2
I Homes,5
Hardee's,3
StarsAcdemy,2
GHOURI,1
StudyCanada,1
ICON GHOURI,1
PPHI LABS,13
Pizza Shop,2
BLUSTERS,1
EVEREST,2
MAGOON EST,2
AGS NISHAT,12
StarMrkting,1
SMSuService,1
PFTP,1
NUCLEUS MKT,1
TiFli,1
Jaw Breaker,1
HYD UPDATES,3
GINSOY,1
GuardGroup,3
Faaz S Mall,1
ASPIRE OKR,3
STUDENTSINN,3
AIOU-SWL,2
OrangePizza,1
AusPak,6
BabyNest,1
ABHC Girls,3
GALAXY H I,2
Tile Select,1
MAPIA,1
CelebShop,14
RamshaBrand,2
MOTIFZ,2
Grace Store,11
CALIFORD,1
KHASSTORES,1
#SIMLAGO,1
Care Labs,1
FS LAB SER.,2
INFANTINO,2
GIIT-VU,1
PretDiaries,3
IIHRC,1
NEW KHAN,1
AD-#Smiles,53
AD-mbcdream,1
Biozone Lab,1
AD-SwitchTV,1
DHML,3
Smiles,5
RTA,4
GMDC,8
YellowPages,1
GCUF,2
Max Mart,2
Hamzastore,1
ZongCC,2
FreeInfinix,6
TDCP-ITHM,6
Linx Int.,1
HOTEL ONE,1
LCHOTEL,1
PK TUTORS,1
AusPak Intl,2
HRSI,2
IDRIS BOOK,1
BO-PK,2
Grand City,1
LAWMINISTRY,2
COMPETITOR,2
Roy Sultan,5
RIYASAT,9
BEAUTYMARK,5
PASHA,2
Splash,2
ShopatMEME,2
fmfb,2
infosms,1
google,1
zong offers,16
TAZO FOODS,1
Makasib,70
Omantel,199
Omantel_APP,6
beIN,1
GLOBALMONEY,4
OmanTel,19
HayyakData,72
bank muscat,348
UNIMONI,4
eFloos,3
HOME CENTRE,1
ALJadeedExc,5
Al Meera,2
Bloodbank,1
ModernExch,1
Tax Oman,1
Malabar GnD,1
HayyakOffer,44
SULTAN-CNTR,1
XIMIVOGUE,1
Rahila Lab,1
HayyakPlus,26
Ooredoo,371
emushrif,1
OmantelWiFi,1
LuluPayback,1
Oman Air,1
Nojoom,6
OOREDOO,2
PK Exchange,1
Istiqaama,1
BahjahOman,1
OMANTEL,2
LuluBigSale,1
Centrepoint,1
R&B,1
SingerPlus,6
CSSAlBahria,1
ARC,5
ICT Police,1
ZABARDAST,2
LIPCARA,4
SMARTSCHOOL,2
Derma Shine,3
LOSHA,1
Azaadi Game,1
ClothCentre,1
Alizfood,1
Cashback,3
LUXUS GRAND,1
MODERNAZART,1
AOL,1
ajali malik sab	,1
farhan anti girl	,1
SMS All,3
MasoodOpt.,1
MADDOCK,3
CTSP,3
NeedGarment,1
S.LAHORE,1
apna sheha,4
youtubekaro,2
nayi offer,5
bankislami,3
ufone,38
snackvideo,1
dr essa lab,1
KIPS PREPS,8
Khas Gaming,3
Teek Sho,1
EduPortal,8
BISP,1
NBO,1
HALA,1
DominosPiza,2
Hayyak_Int,3
Pizza Inn,1
YOKOHAMA,1
MustafaExch,1
Lulu Drive,1
PeachRivaaj,3
ShellRimula,2
EDUCATORS,3
UCricket,2
KUFPAK,1
AZFoundtion,5
Apki Zakat,1
Dr Jan,1
GET IN DEAL,1
HA ITTEHAD,2
TOOLS MART,3
CSPs,13
Magic Mayo,2
AIOU-RWP,1
Mars Bpo,1
TSH,1
WES,1
eStudyCard,1
RepayLoan,2
Switch Now,2
NewSim Offe,6
Rozgaar,8
birdchain,2
CoinBundle,2
NIBBank,82
HBL,12
OKPAY,2
Imran khan PTI	,6
ICT POLICE,2
Imran Khan PTI	,3
SaharaTrust,2
HAPPY HOME,8
AlBaraka,4
SerenaHotel,2
Day n Night,1
CHINAKITCHN,1
Hipkids,8
BoltsGift,10
Scan&Win,24
HLHLABS,2
EYEWEARCO.,19
DIESEL,99
SharifTrust,6
ShifaInt.,8
MaxOffer,2
AzadiOffer,12
Vivo,12
MoreCalls!,20
AZADISALE,2
JALALSONS,31
ShazebSaeed,12
SCIL,34
UNIEXPO,2
ALFATAHELC,25
FLASHSALES,3
FLASHSALE,4
HybridAddo,4
RECHARGEDTH,87
DSGSOLAR,2
FINEPIZZA,12
DHALAHORE,14
QROffer,6
BigValue,3
PayBill,51
DSGLOBAL,3
MAKAlkaram,1
EidDeal,6
BestDeal!,4
OpticWorld,2
Khazanay.pk,3
MoreData,8
FreeGBs!,2
FREEMBs!,2
BuiltzEmpir,4
AAJNEWS,2
FASILITE.PK,16
LoadBonus,2
FinePizza,46
ZongGIft,2
BONUSHour,11
PAKDAYPROM,8
JEETOMBs,4
VintageSt.,4
BUSTICKETS,2
StormFiber,2
AvenueMall,2
Broaster,4
TABBAHEART,8
SHEIKHJEES,16
CHEF,8
KFCDeal,2
UNIQUEHO,10
AtlasTrav.,2
DWN,2
ZOOYORK,2
ECKOUNLTD,4
Play&WinGB,4
LMSLAHORE,4
DSGlobal,2
FridayDEAL,2
FOODSHOP,2
DURATILES,2
AddOn,8
EidFREEMBs,2
DHASports,6
MITHAAS,2
Fortumo,2
PINTelenor,2
SOCIALPACK,2
MOREVALUE!,4
SYRRAB,4
SlimFast,4
K&N's,5
VisaTicket,6
ECProperty,2
EXTRAMBs!,2
VIPUmrah,4
ChaseValue,5
RightDetox,8
BACHATDEAL,4
WellNyx,2
KHIREDROCK,1
ScanNWin,4
TezzPK,2
TAXSPOT,2
MegaSale,2
EXTRADATA,2
SILHOUETTE,2
ApparelsDen,8
BinAjmal,2
KaswaGroup,2
ONYXTRAVEL,2
JAMALHOME,2
DABLEWTECH,8
FreeSnap,1
BNSC,1
CZone,2
UncleFixer,1
KHI-REDROCK,1
GINSOY LIVE,1
RAKOOB,1
YUBO,1
SubhanEvent,9
Meezan Bank,5
RAAS,2
AC SERVICE,1
PITCFESCO,4
SBMarketing,1
PIZZA BASE,3
IST,1
PIPFA,1
iHealthCure,1
IGInsurance,2
Amab,1
VDMSMS,1
KIKI-Winner,3
Rifhah colg,1
La DownTown,1
Opulence,1
GLASS HUT,1
Door Step,1
VANA,1
CornerStore,1
MyFamily,1
MULTiPLiERZ,2
ArshadElec.,1
EAT MUBARAK,2
BESTIES,1
FP Riders,54
Al-Noor Gen,1
mplaint@pta.giv.pk	,1
BE-SUPERIOR,2
BahriaFlats,1
S.RamzanLaw,1
IHC - BA,10
IBA-ISB,24
HKN LAW,5
R.Inaam ASC,8
CPECI,1
Domino?s,1
HEandSHE,1
HE n SHE,1
WARDA HAMNA,1
CheesyOcean,16
BerlinDoner,1
Mamji Hosp.,4
IPL,1
LOC,1
Yves Rocher,1
Dream World,2
CITILAB,3
Sasta Plot,1
Qurbani,1
BURGER LAB,6
Haveli,5
KANTAR,1
KarachiWing,1
ZMT Clinics,1
Ehad Clinic,1
Ehad Phrmcy,1
Zameen.com,1
KITES KIDS,1
CrossRoads,3
PIBSAT,2
MASST RIDES,1
REHMAN-VHR,16
NationalJwl,42
North Shore,1
N&ACompany,1
SCPDAM,1
Wirasat,1
Fast Cables,4
EYEWEAR CO.,29
TUTORS,1
ROYAL AUTO,2
C. Bernard,26
Kings&Queen,12
Adans Libas,12
White House,2
PRIME Inst.,2
WH ELECT.,2
KIDZANIA,214
PremierDHA,2
AFM,2
SATH,2
Al-Karam,6
C.B,44
LMC XPERTS,2
Chase Up,2
FurntureXpo,8
PROFINE,2
Denizen,2
Diesel,64
Uni-Pink,44
Unze London,4
Uni-Black,10
ECO SERVICE,2
TB PROG PB,2
PAKCHAIN,8
IPS,2
ENEM MALL,12
JazzBiz,4
JazzBusines,2
MY TRAVEL,4
LECHE,2
SAYB CITY,6
Skin Care,4
P&GPakistan,2
WaqamTravel,8
VOTE FOR,2
MagicPlanet,2
SCHOLASTIC,4
Jazz/Warid,2
Bundu Khan,2
ELAN,1
MIAMI GRILL,1
UNIWORTH,1
LivFit,1
E-Pakistan,2
MORINGA,1
Jazz-Warid,1
RINGCV,1
LESCO,25
Rewayat,1
MOBILINK,2
LA-ATRIUM,1
So Kamal,2
ORIGINS,1
DGCEMENT,6
Infobip,1
PUBG Cash,1
Battle Ryle,1
Preston,14
AIMS-Pak,9
LGU,2
FoodieBathk,2
KENTHOUSING,2
MANJAROS,3
DrNaeemsLab,2
SHARIB ELEC,1
Epex Shoes,1
SFL,6
EPEX SHOES,1
PIZA MEXICO,2
STITCH,1
MINARA,2
Irfan Dubai,1
MIT and IBS,1
MUTUAL,1
Mazhar MMSR,2
Sultan-FS,2
MAMJI,7
Only Pearl,1
KIA SITE,2
KAGHAN CHEM,1
AL-KARIM,1
SoGusto,1
sageleather,1
Sherys GF,2
MuftSamsung,5
